{
  "cantrips": {
    "fire_bolt": {
      "id": "fire_bolt",
      "name": "Fire Bolt",
      "level": 0,
      "school": "evocation",
      "castingTime": "1 action",
      "range": "120 feet",
      "components": ["V", "S"],
      "duration": "instantaneous",
      "description": "You hurl a mote of fire at a creature or object within range. Make a ranged spell attack against the target. On a hit, the target takes 1d10 fire damage.",
      "damage": "1d10",
      "damageType": "fire",
      "attackType": "spell_attack",
      "scalingLevel": 5,
      "scalingDice": "1d10"
    },
    "mage_hand": {
      "id": "mage_hand",
      "name": "Mage Hand",
      "level": 0,
      "school": "conjuration",
      "castingTime": "1 action",
      "range": "30 feet",
      "components": ["V", "S"],
      "duration": "1 minute",
      "description": "A spectral, floating hand appears at a point you choose within range. The hand lasts for the duration or until you dismiss it as an action.",
      "attackType": "utility",
      "ritual": false
    },
    "prestidigitation": {
      "id": "prestidigitation",
      "name": "Prestidigitation",
      "level": 0,
      "school": "transmutation",
      "castingTime": "1 action",
      "range": "10 feet",
      "components": ["V", "S"],
      "duration": "up to 1 hour",
      "description": "This spell is a minor magical trick that novice spellcasters use for practice. You create one of several magical effects within range.",
      "attackType": "utility",
      "ritual": false
    },
    "sacred_flame": {
      "id": "sacred_flame",
      "name": "Sacred Flame",
      "level": 0,
      "school": "evocation",
      "castingTime": "1 action",
      "range": "60 feet",
      "components": ["V", "S"],
      "duration": "instantaneous",
      "description": "Flame-like radiance descends on a creature that you can see within range. The target must succeed on a Dexterity saving throw or take 1d8 radiant damage.",
      "damage": "1d8",
      "damageType": "radiant",
      "attackType": "saving_throw",
      "saveType": "dexterity",
      "scalingLevel": 5,
      "scalingDice": "1d8"
    }
  },
  "level_1": {
    "magic_missile": {
      "id": "magic_missile",
      "name": "Magic Missile",
      "level": 1,
      "school": "evocation",
      "castingTime": "1 action",
      "range": "120 feet",
      "components": ["V", "S"],
      "duration": "instantaneous",
      "description": "You create three glowing darts of magical force. Each dart hits a creature of your choice that you can see within range. A dart deals 1d4 + 1 force damage to its target.",
      "damage": "1d4+1",
      "damageType": "force",
      "attackType": "auto_hit",
      "missiles": 3,
      "upcastBonus": "1 additional dart per spell level"
    },
    "healing_word": {
      "id": "healing_word",
      "name": "Healing Word",
      "level": 1,
      "school": "evocation",
      "castingTime": "1 bonus action",
      "range": "60 feet",
      "components": ["V"],
      "duration": "instantaneous",
      "description": "A creature of your choice that you can see within range regains hit points equal to 1d4 + your spellcasting ability modifier.",
      "healing": "1d4",
      "attackType": "healing",
      "upcastBonus": "1d4 additional healing per spell level"
    },
    "shield": {
      "id": "shield",
      "name": "Shield",
      "level": 1,
      "school": "abjuration",
      "castingTime": "1 reaction",
      "range": "self",
      "components": ["V", "S"],
      "duration": "1 round",
      "description": "An invisible barrier of magical force appears and protects you. Until the start of your next turn, you have a +5 bonus to AC.",
      "attackType": "buff",
      "effect": "ac_bonus:5",
      "reaction": true
    },
    "cure_wounds": {
      "id": "cure_wounds",
      "name": "Cure Wounds",
      "level": 1,
      "school": "evocation",
      "castingTime": "1 action",
      "range": "touch",
      "components": ["V", "S"],
      "duration": "instantaneous",
      "description": "A creature you touch regains a number of hit points equal to 1d8 + your spellcasting ability modifier.",
      "healing": "1d8",
      "attackType": "healing",
      "upcastBonus": "1d8 additional healing per spell level"
    }
  },
  "level_2": {
    "scorching_ray": {
      "id": "scorching_ray",
      "name": "Scorching Ray",
      "level": 2,
      "school": "evocation",
      "castingTime": "1 action",
      "range": "120 feet",
      "components": ["V", "S"],
      "duration": "instantaneous",
      "description": "You create three rays of fire and hurl them at targets within range. Make a ranged spell attack for each ray. On a hit, the target takes 2d6 fire damage.",
      "damage": "2d6",
      "damageType": "fire",
      "attackType": "spell_attack",
      "rays": 3,
      "upcastBonus": "1 additional ray per spell level"
    },
    "hold_person": {
      "id": "hold_person",
      "name": "Hold Person",
      "level": 2,
      "school": "enchantment",
      "castingTime": "1 action",
      "range": "60 feet",
      "components": ["V", "S", "M"],
      "duration": "concentration, up to 1 minute",
      "description": "Choose a humanoid that you can see within range. The target must succeed on a Wisdom saving throw or be paralyzed for the duration.",
      "attackType": "saving_throw",
      "saveType": "wisdom",
      "effect": "paralyzed",
      "concentration": true,
      "upcastBonus": "Target 1 additional humanoid per spell level"
    },
    "misty_step": {
      "id": "misty_step",
      "name": "Misty Step",
      "level": 2,
      "school": "conjuration",
      "castingTime": "1 bonus action",
      "range": "self",
      "components": ["V"],
      "duration": "instantaneous",
      "description": "Briefly surrounded by silvery mist, you teleport up to 30 feet to an unoccupied space that you can see.",
      "attackType": "teleport",
      "teleportRange": "30 feet"
    }
  },
  "level_3": {
    "fireball": {
      "id": "fireball",
      "name": "Fireball",
      "level": 3,
      "school": "evocation",
      "castingTime": "1 action",
      "range": "150 feet",
      "components": ["V", "S", "M"],
      "duration": "instantaneous",
      "description": "A bright streak flashes from your pointing finger to a point you choose within range and then blossoms with a low roar into an explosion of flame. Each creature in a 20-foot-radius sphere centered on that point must make a Dexterity saving throw. A creature takes 8d6 fire damage on a failed save, or half as much damage on a successful one.",
      "damage": "8d6",
      "damageType": "fire",
      "attackType": "saving_throw",
      "saveType": "dexterity",
      "areaType": "sphere",
      "areaSize": "20 feet",
      "upcastBonus": "1d6 additional damage per spell level"
    },
    "counterspell": {
      "id": "counterspell",
      "name": "Counterspell",
      "level": 3,
      "school": "abjuration",
      "castingTime": "1 reaction",
      "range": "60 feet",
      "components": ["S"],
      "duration": "instantaneous",
      "description": "You attempt to interrupt a creature in the process of casting a spell. If the creature is casting a spell of 3rd level or lower, its spell fails and has no effect.",
      "attackType": "counter",
      "reaction": true,
      "upcastBonus": "Automatically counter spells of level equal to spell slot used"
    }
  }
}
