{
    "sage":
    {
        "skillProficiencies": ["arcana", "history"],
        "languages": ["common", "elvish"],
        "equipment": [
            "A set of common clothes",
            "A scholar's pack",
            "A spellbook"
        ],
        "feature": "Researcher"
    },
    "outlander":
    {
        "skillProficiencies": ["athletics", "survival"],
        "languages": ["common", "one_exotic_language"],
        "equipment": [
            "A set of traveler's clothes",
            "A hunting trap",
            "A staff"
        ],
        "feature": "Wanderer"
    },
    "acolyte":
    {
        "skillProficiencies": ["insight", "religion"],
        "languages": ["common", "celestial", "one_exotic_language"],
        "equipment": [
            "A set of priest's robes",
            "A holy symbol",
            "A prayer book"
        ],
        "feature": "Shelter of the Faithful"
    }
}