{
    "nourishment": {
        "name": "Nourishment",
        "description": "When active, this effect provides a small amount of healing over time.",
        "type": "buff",
        "effects": [
            {
                "type": "heal",
                "amount": 5,
                "duration": 0
            }
        ],
        "icon": "assets/icons/nourishment.png"
    },
    "curse_drain": {
        "name": "Curse of Drain",
        "description": "A debilitating curse. Upon use, the player must make a Constitution saving throw (DC 12) or suffer 1d4 necrotic damage.",
        "type": "debuff",
        "skillCheck": {
            "attribute": "constitution",
            "dc": 12,
            "onFail": {
                "type": "damage",
                "amount": "1d4",
                "damageType": "necrotic"
            },
            "onSuccess": {
                "message": "You resist the effects of the curse."
            }
        },
        "icon": "assets/icons/curse_drain.png"
    },
    "cursed_strength_boost": {
        "name": "Cursed Strength",
        "description": "Dark magic courses through your veins, enhancing your physical prowess but threatening your life force.",
        "type": "mixed",
        "duration": 60000,
        "effects": [
            {
                "type": "stat_boost",
                "attribute": "strength",
                "amount": 1
            }
        ],
        "skillCheck": {
            "attribute": "constitution",
            "dc": 12,
            "onFail": {
                "type": "damage",
                "amount": "1d4",
                "damageType": "necrotic",
                "message": "The curse saps your life force!"
            },
            "onSuccess": {
                "message": "You resist the worst effects of the curse, but still feel its dark influence."
            }
        },
        "icon": "assets/icons/cursed_strength.png"
    }
}