{
  "leather_armor": {
    "id": "leather_armor",
    "name": "Leather Armor",
    "type": "armor",
    "subtype": "light",
    "slot": "chest",
    "description": "Flexible protection made from treated animal hide.",
    "armorClass": 11,
    "maxDexMod": null,
    "properties": ["light"],
    "statBonus": {},
    "rarity": "common",
    "value": 10,
    "weight": 10
  },
  "scholars_robes": {
    "id": "scholars_robes",
    "name": "Scholar's Robes",
    "type": "armor",
    "subtype": "clothing",
    "slot": "chest",
    "description": "Fine robes marking you as a student of the Great Library.",
    "armorClass": 10,
    "maxDexMod": null,
    "properties": ["academic_authority"],
    "statBonus": { "intelligence": 1 },
    "rarity": "common",
    "value": 15,
    "weight": 4
  },
  "iron_shield": {
    "id": "iron_shield",
    "name": "Iron Shield",
    "type": "armor",
    "subtype": "shield",
    "slot": "offHand",
    "description": "A sturdy iron shield with reinforced edges.",
    "armorClass": 2,
    "properties": ["shield"],
    "statBonus": {},
    "rarity": "common",
    "value": 10,
    "weight": 6
  },
  "chainmail": {
    "id": "chainmail",
    "name": "Chain Mail",
    "type": "armor",
    "subtype": "medium",
    "slot": "chest",
    "description": "Armor made of interlocking metal rings.",
    "armorClass": 13,
    "maxDexMod": 2,
    "properties": ["medium"],
    "statBonus": {},
    "rarity": "common",
    "value": 75,
    "weight": 55
  },
  "leather_boots": {
    "id": "leather_boots",
    "name": "Leather Boots",
    "type": "armor",
    "subtype": "boots",
    "slot": "feet",
    "description": "Sturdy leather boots for traveling.",
    "armorClass": 0,
    "properties": ["comfort"],
    "statBonus": { "dexterity": 1 },
    "rarity": "common",
    "value": 8,
    "weight": 2
  },
  "iron_helmet": {
    "id": "iron_helmet",
    "name": "Iron Helmet",
    "type": "armor",
    "subtype": "helmet",
    "slot": "head",
    "description": "A simple iron helmet that protects the head.",
    "armorClass": 1,
    "properties": ["protection"],
    "statBonus": {},
    "rarity": "common",
    "value": 12,
    "weight": 3
  },
  "dragonscale_armor": {
    "id": "dragonscale_armor",
    "name": "Dragonscale Armor",
    "type": "armor",
    "subtype": "medium",
    "slot": "chest",
    "description": "Armor crafted from the scales of an ancient dragon, providing exceptional protection.",
    "armorClass": 16,
    "maxDexMod": 2,
    "properties": ["fire_resistance"],
    "statBonus": { "constitution": 2, "strength": 1 },
    "rarity": "epic",
    "value": 1000,
    "weight": 25
  },
  "enchanted_cloak": {
    "id": "enchanted_cloak",
    "name": "Cloak of Shadows",
    "type": "armor",
    "subtype": "cloak",
    "slot": "back",
    "description": "A mysterious cloak that seems to bend light around its wearer.",
    "armorClass": 1,
    "properties": ["stealth_bonus", "magical"],
    "statBonus": { "dexterity": 2 },
    "rarity": "rare",
    "value": 200,
    "weight": 1
  },
  "chain_mail": {
    "id": "chain_mail",
    "name": "Chain Mail",
    "type": "armor",
    "subtype": "medium",
    "slot": "chest",
    "description": "A suit of armor made from interlocking metal rings.",
    "armorClass": 4,
    "properties": ["metal", "medium"],
    "statBonus": { "dexterity": -2 },
    "rarity": "uncommon",
    "value": 75,
    "weight": 20
  }
}
