{
  "the_vision": {
    "id": "the_vision",
    "name": "The Vision",
    "description": "You have witnessed a disturbing vision of the Triune Convergence. You must understand what it means.",
    "type": "main",
    "status": "active",
    "objectives": [
      {
        "id": "witness_vision",
        "description": "Witness the prophetic vision",
        "completed": true
      },
      {
        "id": "seek_answers",
        "description": "Seek answers about the vision's meaning",
        "completed": false
      }
    ],
    "rewards": {
      "experience": 100,
      "items": [],
      "lore": ["convergence_prophecy"]
    }
  },
  "prologue_complete": {
    "id": "prologue_complete",
    "name": "The Journey Begins",
    "description": "You have completed the prologue and are ready to begin your adventure in Edoria.",
    "type": "milestone",
    "status": "inactive",
    "objectives": [
      {
        "id": "choose_origin",
        "description": "Choose your character's origin",
        "completed": false
      },
      {
        "id": "experience_vision",
        "description": "Experience the prophetic vision",
        "completed": false
      },
      {
        "id": "make_choice",
        "description": "Decide how to respond to the vision",
        "completed": false
      }
    ],
    "rewards": {
      "experience": 200,
      "items": ["travelers_pack"],
      "lore": ["edoria_introduction"]
    }
  }
}
