{
    "iron_ingot": {
        "id": "iron_ingot",
        "name": "Iron Ingot",
        "description": "Smelt iron ore with coal to create a refined iron ingot.",
        "category": "metalworking",
        "craftingMethod": "smelting",
        "craftingTime": 5,
        "difficulty": "easy",
        "experienceGained": 10,
        "requiredLevel": 1,
        "requiredSkills": {
            "smithing": 1
        },
        "requiredTools": ["furnace"],
        "ingredients": [
            { "itemId": "iron_ore", "quantity": 2, "consumed": true },
            { "itemId": "coal", "quantity": 1, "consumed": true }
        ],
        "results": [
            { "itemId": "iron_ingot", "quantity": 1, "chance": 100 }
        ],
        "byproducts": [
            { "itemId": "slag", "quantity": 1, "chance": 50 }
        ],
        "failureResults": [
            { "itemId": "impure_iron", "quantity": 1, "chance": 100 }
        ],
        "unlockConditions": {
            "questsCompleted": [],
            "itemsDiscovered": ["iron_ore", "coal"],
            "locationsVisited": []
        }
    },
    "steel_ingot": {
        "id": "steel_ingot",
        "name": "Steel Ingot",
        "description": "Combine iron with carbon to create strong steel.",
        "category": "metalworking",
        "craftingMethod": "smelting",
        "craftingTime": 8,
        "difficulty": "medium",
        "experienceGained": 25,
        "requiredLevel": 3,
        "requiredSkills": {
            "smithing": 3
        },
        "requiredTools": ["blast_furnace"],
        "ingredients": [
            { "itemId": "iron_ingot", "quantity": 1, "consumed": true },
            { "itemId": "coal", "quantity": 2, "consumed": true }
        ],
        "results": [
            { "itemId": "steel_ingot", "quantity": 1, "chance": 100 }
        ],
        "byproducts": [],
        "failureResults": [
            { "itemId": "iron_ingot", "quantity": 1, "chance": 80 },
            { "itemId": "slag", "quantity": 1, "chance": 100 }
        ],
        "unlockConditions": {
            "questsCompleted": [],
            "itemsDiscovered": ["iron_ingot"],
            "locationsVisited": []
        }
    },
    "iron_sword": {
        "id": "iron_sword",
        "name": "Iron Sword",
        "description": "Forge a basic iron sword from an iron ingot.",
        "category": "weaponsmithing",
        "craftingMethod": "forging",
        "craftingTime": 15,
        "difficulty": "medium",
        "experienceGained": 50,
        "requiredLevel": 2,
        "requiredSkills": {
            "smithing": 2,
            "weaponcraft": 1
        },
        "requiredTools": ["anvil", "hammer"],
        "ingredients": [
            { "itemId": "iron_ingot", "quantity": 2, "consumed": true },
            { "itemId": "leather_strip", "quantity": 1, "consumed": true }
        ],
        "results": [
            { "itemId": "iron_sword", "quantity": 1, "chance": 100 }
        ],
        "byproducts": [
            { "itemId": "iron_shaving", "quantity": 3, "chance": 75 }
        ],
        "failureResults": [
            { "itemId": "bent_iron", "quantity": 1, "chance": 100 }
        ],
        "unlockConditions": {
            "questsCompleted": [],
            "itemsDiscovered": ["iron_ingot"],
            "locationsVisited": []
        }
    },
    "health_potion": {
        "id": "health_potion",
        "name": "Health Potion",
        "description": "Brew a healing potion using herbs and water.",
        "category": "alchemy",
        "craftingMethod": "brewing",
        "craftingTime": 10,
        "difficulty": "easy",
        "experienceGained": 15,
        "requiredLevel": 1,
        "requiredSkills": {
            "alchemy": 1
        },
        "requiredTools": ["alchemist_kit"],
        "ingredients": [
            { "itemId": "healing_herbs", "quantity": 2, "consumed": true },
            { "itemId": "pure_water", "quantity": 1, "consumed": true },
            { "itemId": "glass_vial", "quantity": 1, "consumed": false }
        ],
        "results": [
            { "itemId": "health_potion", "quantity": 1, "chance": 100 }
        ],
        "byproducts": [
            { "itemId": "herb_residue", "quantity": 1, "chance": 30 }
        ],
        "failureResults": [
            { "itemId": "bitter_mixture", "quantity": 1, "chance": 100 }
        ],
        "unlockConditions": {
            "questsCompleted": [],
            "itemsDiscovered": ["healing_herbs"],
            "locationsVisited": []
        }
    },
    "magic_crystal_enhanced": {
        "id": "magic_crystal_enhanced",
        "name": "Enhanced Magic Crystal",
        "description": "Infuse a magic crystal with elemental energy.",
        "category": "enchanting",
        "craftingMethod": "enchanting",
        "craftingTime": 20,
        "difficulty": "hard",
        "experienceGained": 100,
        "requiredLevel": 5,
        "requiredSkills": {
            "enchanting": 4,
            "arcana": 3
        },
        "requiredTools": ["enchanting_table"],
        "ingredients": [
            { "itemId": "magic_crystal", "quantity": 1, "consumed": true },
            { "itemId": "elemental_essence", "quantity": 3, "consumed": true },
            { "itemId": "mana_dust", "quantity": 5, "consumed": true }
        ],
        "results": [
            { "itemId": "magic_crystal_enhanced", "quantity": 1, "chance": 85 }
        ],
        "byproducts": [
            { "itemId": "arcane_residue", "quantity": 2, "chance": 60 }
        ],
        "failureResults": [
            { "itemId": "unstable_crystal", "quantity": 1, "chance": 100 }
        ],
        "unlockConditions": {
            "questsCompleted": ["arcane_studies_basics"],
            "itemsDiscovered": ["magic_crystal", "elemental_essence"],
            "locationsVisited": ["mage_tower"]
        }
    },
    "leather_armor": {
        "id": "leather_armor",
        "name": "Leather Armor",
        "description": "Craft protective leather armor from treated hides.",
        "category": "leatherworking",
        "craftingMethod": "crafting",
        "craftingTime": 25,
        "difficulty": "medium",
        "experienceGained": 75,
        "requiredLevel": 2,
        "requiredSkills": {
            "leatherworking": 2
        },
        "requiredTools": ["leather_tools"],
        "ingredients": [
            { "itemId": "cured_leather", "quantity": 4, "consumed": true },
            { "itemId": "thread", "quantity": 10, "consumed": true },
            { "itemId": "metal_buckle", "quantity": 3, "consumed": true }
        ],
        "results": [
            { "itemId": "leather_armor", "quantity": 1, "chance": 100 }
        ],
        "byproducts": [
            { "itemId": "leather_scraps", "quantity": 5, "chance": 90 }
        ],
        "failureResults": [
            { "itemId": "poorly_made_vest", "quantity": 1, "chance": 100 }
        ],
        "unlockConditions": {
            "questsCompleted": [],
            "itemsDiscovered": ["cured_leather"],
            "locationsVisited": []
        }
    }
}