{
  "westwalker_camp": {
    "name": "Westwalker Campfire",
    "description": "A small, well-kept campfire crackles, a lonely point of light against the vast, darkening plains of the Frontier. The edge of the Griefwood looms like a wall of shadow in the distance. The air carries an unusual chill.",
    "image": "assets/images/locations/westwalker_camp.jpg",
    "region": "frontier",
    "actions": [
      { "text": "Rest by the fire", "type": "scene", "target": "start_vision" },
      { "text": "Check your gear", "type": "info", "info": "Your ranger's pack is light but well-stocked. You have what you need to survive." },
      { "text": "Scout the perimeter", "type": "info", "info": "The area seems quiet... too quiet." },
      { "text": "Follow the trail toward the Griefwood", "type": "travel", "target": "griefwood_edge" },
      { "text": "Travel to Jorn", "type": "travel", "target": "jorn" }
    ]
  },
  "griefwood_edge": {
    "name": "Edge of the Griefwood",
    "description": "Dark trees crowd together, their twisted branches forming a barrier of shadow. Whispers ride the wind from within the forest.",
    "image": "assets/images/locations/griefwood_edge.jpg",
    "region": "frontier",
    "actions": [
      { "text": "Venture into the forest", "type": "travel", "target": "griefwood_clearing" },
      { "text": "Return to Camp", "type": "travel", "target": "westwalker_camp" },
      { "text": "Watch the treeline", "type": "info", "info": "The shadows seem to shift of their own accord." }
    ]
  },
  "griefwood_clearing": {
    "name": "Griefwood Clearing",
    "description": "A small clearing bathed in dim light where ancient stones rise from the earth. The air here hums with old power.",
    "image": "assets/images/locations/griefwood_clearing.jpg",
    "region": "frontier",
    "actions": [
      { "text": "Study the standing stones", "type": "info", "info": "Strange runes glow faintly, hinting at forgotten rituals." },
      { "text": "Head back to the edge", "type": "travel", "target": "griefwood_edge" }
    ]
  },
  "jorn": {
    "name": "Town of Jorn",
    "description": "A hardy frontier settlement that serves as a trading post for trappers and travelers. Smoke rises from sturdy stone chimneys.",
    "image": "assets/images/locations/jorn.jpg",
    "region": "frontier",
    "actions": [
      { "text": "Visit the market", "type": "info", "info": "Merchants offer pelts, iron tools and tales of the forest." },
      { "text": "Rest at the inn", "type": "info", "info": "The innkeeper welcomes you with a weary smile." },
      { "text": "Return to Camp", "type": "travel", "target": "westwalker_camp" }
    ]
  },
  "leonin_encampment": {
    "name": "M'ra Kaal Encampment",
    "description": "The scent of woodsmoke and roasting meat hangs in the air. Around you, the proud Leonin of your clan share stories and sharpen their blades. The sounds of the Ancestral Roar still echo in your spirit.",
    "image": "assets/images/locations/leonin_encampment.jpg",
    "region": "pridelands",
    "actions": [
      { "text": "Meditate on the spirits", "type": "scene", "target": "start_vision" },
      { "text": "Visit the Honor Arena", "type": "info", "info": "Two warriors are locked in a duel of skill, their movements a blur of muscle and steel. It is a dance of honor." },
      { "text": "Speak to the Clan-Speaker", "type": "info", "info": "Zema Mataal is deep in communion and cannot be disturbed." }
    ]
  },
  "gaian_library": {
    "name": "The Great Library of Gaia",
    "description": "Sunlight, filtered through high, arched windows, illuminates swirling dust motes. The air smells of old parchment and endless knowledge. Scholars move like ghosts between towering shelves.",
    "image": "assets/images/locations/gaian_library.jpg",
    "region": "gaia",
    "actions": [
      { "text": "Study the celestial charts", "type": "scene", "target": "start_vision" },
      { "text": "Consult a Sage", "type": "info", "info": "The sage nods slowly. 'The Convergence, yes... a time of great peril and great opportunity. The stars do not lie.'" },
      { "text": "Explore the Archives", "type": "info", "info": "You find a dusty tome that mentions 'celestial schisms' and 'realm-thinning' during past Convergences." }
    ]
  }
}
