{
  "rangers_bow": {
    "id": "rangers_bow",
    "name": "Ranger's Bow",
    "type": "weapon",
    "subtype": "ranged",
    "slot": "mainHand",
    "description": "A well-crafted hunting bow, worn smooth by years of use.",
    "damage": "1d8",
    "damageType": "piercing",
    "range": "150ft",
    "properties": ["two-handed", "ammunition"],
    "statBonus": { "dexterity": 1 },
    "rarity": "common",
    "value": 25,
    "weight": 2
  },
  "ceremonial_spear": {
    "id": "ceremonial_spear",
    "name": "Ceremonial Spear",
    "type": "weapon",
    "subtype": "melee",
    "slot": "mainHand",
    "description": "A spear blessed by the spirits, decorated with tribal markings.",
    "damage": "1d6",
    "damageType": "piercing",
    "properties": ["versatile", "thrown"],
    "statBonus": { "strength": 1, "wisdom": 1 },
    "rarity": "uncommon",
    "value": 35,
    "weight": 3
  },
  "steel_sword": {
    "id": "steel_sword",
    "name": "Steel Longsword",
    "type": "weapon",
    "subtype": "melee",
    "slot": "mainHand",
    "description": "A well-balanced blade of quality steel.",
    "damage": "1d8",
    "damageType": "slashing",
    "properties": ["versatile"],
    "statBonus": { "strength": 1 },
    "rarity": "common",
    "value": 15,
    "weight": 3
  },
  "dagger": {
    "id": "dagger",
    "name": "Dagger",
    "type": "weapon",
    "subtype": "melee",
    "slot": "mainHand",
    "description": "A sharp dagger, useful for close combat or utility.",
    "damage": "1d4",
    "damageType": "piercing",
    "properties": ["light", "finesse", "thrown"],
    "statBonus": { "dexterity": 1 },
    "rarity": "common",
    "value": 10,
    "weight": 1
  },
  "longbow": {
    "id": "longbow",
    "name": "Longbow",
    "type": "weapon",
    "subtype": "ranged",
    "slot": "mainHand",
    "description": "A powerful bow that can shoot arrows over great distances.",
    "damage": "1d8",
    "damageType": "piercing",
    "range": "150/600",
    "properties": ["ammunition", "two-handed"],
    "rarity": "common",
    "value": 50,
    "weight": 2
  },
  "masterwork_sword": {
    "id": "masterwork_sword",
    "name": "Masterwork Longsword",
    "type": "weapon",
    "subtype": "melee",
    "slot": "mainHand",
    "description": "A perfectly balanced sword crafted by master smiths.",
    "damage": "1d8+1",
    "damageType": "slashing",
    "properties": ["versatile", "masterwork"],
    "statBonus": { "strength": 2 },
    "rarity": "rare",
    "value": 300,
    "weight": 3
  },
  "iron_sword": {
    "id": "iron_sword",
    "name": "Iron Sword",
    "type": "weapon",
    "subtype": "melee",
    "slot": "mainHand",
    "description": "A sturdy sword made of iron, suitable for combat.",
    "damage": "1d6",
    "damageType": "slashing",
    "properties": ["versatile"],
    "rarity": "common",
    "value": 20,
    "weight": 4
  }
}
