{
  "healing_herbs": {
    "id": "healing_herbs",
    "name": "Healing Herbs",
    "type": "consumable",
    "subtype": "potion",
    "slot": "consumable",
    "description": "A collection of medicinal plants that can restore minor wounds.",
    "effect": "heal:1d4+1",
    "uses": 3,
    "rarity": "common",
    "value": 8,
    "weight": 0.5
  },
  "health_potion": {
    "id": "health_potion",
    "name": "Health Potion",
    "type": "consumable",
    "subtype": "potion",
    "slot": "consumable",
    "description": "A red liquid that restores health when consumed.",
    "effect": "heal:2d4+2",
    "uses": 1,
    "rarity": "common",
    "value": 50,
    "weight": 0.5
  },
  "mana_potion": {
    "id": "mana_potion",
    "name": "Mana Potion",
    "type": "consumable",
    "subtype": "potion",
    "slot": "consumable",
    "description": "A blue liquid that restores magical energy.",
    "effect": "restore_mana:1d4+1",
    "uses": 1,
    "rarity": "common",
    "value": 60,
    "weight": 0.5
  },
  "rations": {
    "id": "rations",
    "name": "Travel Rations",
    "type": "consumable",
    "subtype": "food",
    "slot": "consumable",
    "description": "Dried meat and hardtack that can sustain you for a day.",
    "effect": "sustenance",
    "uses": 5,
    "rarity": "common",
    "value": 2,
    "weight": 2
  },
  "scroll_fireball": {
    "id": "scroll_fireball",
    "name": "Scroll of Fireball",
    "type": "consumable",
    "subtype": "scroll",
    "slot": "consumable",
    "description": "A magical scroll containing the fireball spell.",
    "effect": "cast_spell:fireball",
    "uses": 1,
    "rarity": "uncommon",
    "value": 150,
    "weight": 0
  },
  "superior_healing_potion": {
    "id": "superior_healing_potion",
    "name": "Superior Healing Potion",
    "type": "consumable",
    "subtype": "healing",
    "slot": "consumable",
    "description": "A potent healing potion that restores significant health.",
    "healAmount": 25,
    "uses": 1,
    "rarity": "rare",
    "value": 50,
    "weight": 0.5
  },
  "mana_crystal": {
    "id": "mana_crystal",
    "name": "Mana Crystal",
    "type": "consumable",
    "subtype": "mana",
    "slot": "consumable",
    "description": "A crystallized form of magical energy that restores mana.",
    "manaAmount": 20,
    "uses": 1,
    "rarity": "uncommon",
    "value": 30,
    "weight": 0.2
  },
  "travel_rations": {
    "id": "travel_rations",
    "name": "Travel Rations",
    "type": "Consumable",
    "subtype": "Food",
    "slot": "consumable",
    "description": "Preserved food that can sustain you during long journeys.",
    "effect": "nourishment",
    "uses": 5,
    "rarity": "common",
    "value": 2,
    "weight": 2
  },
  "bread": {
    "id": "bread",
    "name": "Bread",
    "type": "consumable",
    "subtype": "food",
    "slot": "consumable",
    "description": "A loaf of freshly baked bread.",
    "effect": "sustenance",
    "rarity": "common",
    "value": 1,
    "weight": 0.5
  },
  "strength_elixir": {
    "id": "strength_elixir",
    "name": "Elixir of Strength",
    "type": "consumable",
    "subtype": "potion",
    "slot": "consumable",
    "description": "A red potion that temporarily increases your physical power.",
    "effect": "buff_stat:strength:+3:600",
    "rarity": "uncommon",
    "value": 100,
    "weight": 0.5
  },
  "wisdom_brew": {
    "id": "wisdom_brew",
    "name": "Wisdom Brew",
    "type": "consumable",
    "subtype": "potion",
    "slot": "consumable",
    "description": "A golden tea that sharpens the mind and enhances perception.",
    "effect": "buff_stat:wisdom:+2:900",
    "rarity": "uncommon",
    "value": 80,
    "weight": 0.3
  },
  "dexterity_draught": {
    "id": "dexterity_draught",
    "name": "Draught of Agility",
    "type": "consumable",
    "subtype": "potion",
    "slot": "consumable",
    "description": "A clear liquid that makes your movements swift and precise.",
    "effect": "buff_stat:dexterity:+2:450",
    "rarity": "uncommon",
    "value": 90,
    "weight": 0.4
  },
  "greater_health_potion": {
    "id": "greater_health_potion",
    "name": "Greater Health Potion",
    "type": "consumable",
    "subtype": "potion",
    "slot": "consumable",
    "description": "A powerful healing draught that restores significant health.",
    "effect": "heal:4d4+4",
    "rarity": "rare",
    "value": 150,
    "weight": 0.5
  },
  "superior_mana_potion": {
    "id": "superior_mana_potion",
    "name": "Superior Mana Potion",
    "type": "consumable",
    "subtype": "potion",
    "slot": "consumable",
    "description": "An azure liquid that restores significant magical energy.",
    "effect": "restore_mana:3d4+3",
    "rarity": "rare",
    "value": 180,
    "weight": 0.5
  }
}
