{
  "ranger": {
    "name": "Ranger",
    "hitDie": 10,
    "primaryAbility": ["dexterity", "wisdom"],
    "savingThrowProficiencies": ["strength", "dexterity"],
    "skillChoices": 3,
    "skillList": ["animal_handling", "athletics", "insight", "investigation", "nature", "perception", "stealth", "survival"],
    "armorProficiencies": ["light_armor", "medium_armor", "shields"],
    "weaponProficiencies": ["simple_weapons", "martial_weapons"],
    "features": {
      "1": {
        "favored_enemy": "Choose a favored enemy type. You have advantage on Wisdom (Survival) checks to track your favored enemies.",
        "natural_explorer": "Choose a favored terrain. You gain benefits when traveling in this terrain."
      }
    },
    "spellcasting": {
      "level": 2,
      "ability": "wisdom",
      "ritual": false,
      "spellsKnown": true
    }
  },
  "paladin": {
    "name": "Paladin",
    "hitDie": 10,
    "primaryAbility": ["strength", "charisma"],
    "savingThrowProficiencies": ["wisdom", "charisma"],
    "skillChoices": 2,
    "skillList": ["athletics", "insight", "intimidation", "medicine", "persuasion", "religion"],
    "armorProficiencies": ["all_armor", "shields"],
    "weaponProficiencies": ["simple_weapons", "martial_weapons"],
    "features": {
      "1": {
        "divine_sense": "You can detect celestials, fiends, and undead within 60 feet.",
        "lay_on_hands": "You have a pool of healing power equal to 5 × your paladin level."
      }
    },
    "spellcasting": {
      "level": 2,
      "ability": "charisma",
      "ritual": false,
      "spellsKnown": false
    }
  },
  "wizard": {
    "name": "Wizard",
    "hitDie": 6,
    "primaryAbility": ["intelligence"],
    "savingThrowProficiencies": ["intelligence", "wisdom"],
    "skillChoices": 2,
    "skillList": ["arcana", "history", "insight", "investigation", "medicine", "religion"],
    "armorProficiencies": [],
    "weaponProficiencies": ["daggers", "darts", "slings", "quarterstaffs", "light_crossbows"],
    "features": {
      "1": {
        "spellcasting": "You know three cantrips and have a spellbook with six 1st-level spells.",
        "arcane_recovery": "Once per day, you can recover spell slots during a short rest."
      }
    },
    "spellcasting": {
      "level": 1,
      "ability": "intelligence",
      "ritual": true,
      "spellsKnown": false,
      "spellbook": true
    }
  },
  "fighter": {
    "name": "Fighter",
    "hitDie": 10,
    "primaryAbility": ["strength", "dexterity"],
    "savingThrowProficiencies": ["strength", "constitution"],
    "skillChoices": 2,
    "skillList": ["acrobatics", "animal_handling", "athletics", "history", "insight", "intimidation", "perception", "survival"],
    "armorProficiencies": ["all_armor", "shields"],
    "weaponProficiencies": ["simple_weapons", "martial_weapons"],
    "features": {
      "1": {
        "fighting_style": "Choose a fighting style that grants you a specific benefit in combat.",
        "second_wind": "You can use a bonus action to regain hit points equal to 1d10 + your fighter level."
      }
    }
  },
  "rogue": {
    "name": "Rogue",
    "hitDie": 8,
    "primaryAbility": ["dexterity"],
    "savingThrowProficiencies": ["dexterity", "intelligence"],
    "skillChoices": 4,
    "skillList": ["acrobatics", "athletics", "deception", "insight", "intimidation", "investigation", "perception", "performance", "persuasion", "sleight_of_hand", "stealth"],
    "armorProficiencies": ["light_armor"],
    "weaponProficiencies": ["simple_weapons", "hand_crossbows", "longswords", "rapiers", "shortswords"],
    "features": {
      "1": {
        "expertise": "Choose two skills. Your proficiency bonus is doubled for ability checks using those skills.",
        "sneak_attack": "Deal extra damage when you have advantage on an attack or when an ally is within 5 feet of your target."
      }
    }
  },
  "cleric": {
    "name": "Cleric",
    "hitDie": 8,
    "primaryAbility": ["wisdom"],
    "savingThrowProficiencies": ["wisdom", "charisma"],
    "skillChoices": 2,
    "skillList": ["history", "insight", "medicine", "persuasion", "religion"],
    "armorProficiencies": ["light_armor", "medium_armor", "shields"],
    "weaponProficiencies": ["simple_weapons"],
    "features": {
      "1": {
        "divine_domain": "Choose a divine domain that grants you domain spells and features.",
        "spellcasting": "You know three cantrips and can prepare spells equal to your Wisdom modifier + cleric level."
      }
    },
    "spellcasting": {
      "level": 1,
      "ability": "wisdom",
      "ritual": true,
      "spellsKnown": false
    }
  }
}
