{
  "ancient_key": {
    "id": "ancient_key",
    "name": "Ancient Bronze Key",
    "type": "quest",
    "slot": "none",
    "description": "An old bronze key with strange markings. It seems important.",
    "properties": ["quest_item", "unique"],
    "rarity": "quest",
    "value": 0,
    "weight": 0.1
  },
  "ancient_tome": {
    "id": "ancient_tome",
    "name": "Ancient Tome of Mysteries",
    "type": "Quest",
    "subtype": "Book",
    "slot": "none",
    "description": "An ancient book containing forgotten knowledge and powerful secrets.",
    "properties": ["quest_item", "knowledge"],
    "rarity": "Very Rare",
    "value": 0,
    "weight": 2
  }
}
